{
  "characters": [
    {
      "id": "char_sub_hatslime_001",
      "name": "帽子スライム",
      "description": "帽子をかぶったスライム",
      "rarity": 1,
      "rarity_name": "N",
      "status": {
        "level": 1,
        "hp": 70,
        "attack": 18,
        "defense": 0,
        "move_speed": 50.0,
        "attack_span": 0.833
      },
      "attack": {
        "type": "single",
        "size": [100.0, 20.0],
        "effect_type": "normal"
      },
      "sprites": {
        "icon_path": "assets/characters/HatSlime/icon.png",
        "move": {
          "sheet_path": "assets/characters/HatSlime/move.png",
          "frame_width": 64,
          "frame_height": 64,
          "frame_count": 8,
          "frame_duration": 0.1
        },
        "attack": {
          "sheet_path": "assets/characters/HatSlime/attack.png",
          "frame_width": 64,
          "frame_height": 64,
          "frame_count": 6,
          "frame_duration": 0.1
        }
      },
      "passive_skills": [],
      "equipment": [],
      "cost": 140,
      "is_discovered": true
    },
    {
      "id": "char_sub_orca_001",
      "name": "シャチ",
      "description": "凶暴な海の捕食者",
      "rarity": 3,
      "rarity_name": "SR",
      "status": {
        "level": 1,
        "hp": 150,
        "attack": 45,
        "defense": 0,
        "move_speed": 55.0,
        "attack_span": 1.0
      },
      "attack": {
        "type": "single",
        "size": [140.0, 20.0],
        "effect_type": "normal"
      },
      "sprites": {
        "icon_path": "assets/characters/Orca/icon.png",
        "move": {
          "sheet_path": "assets/characters/Orca/move.png",
          "frame_width": 64,
          "frame_height": 64,
          "frame_count": 8,
          "frame_duration": 0.1
        },
        "attack": {
          "sheet_path": "assets/characters/Orca/attack.png",
          "frame_width": 64,
          "frame_height": 64,
          "frame_count": 6,
          "frame_duration": 0.1
        }
      },
      "passive_skills": [],
      "equipment": [],
      "cost": 280,
      "is_discovered": false
    },
    {
      "id": "char_sub_seahorse_001",
      "name": "タツノオトシゴ",
      "description": "優雅な海の生物",
      "rarity": 1,
      "rarity_name": "N",
      "status": {
        "level": 1,
        "hp": 80,
        "attack": 15,
        "defense": 0,
        "move_speed": 35.0,
        "attack_span": 1.111
      },
      "attack": {
        "type": "single",
        "size": [120.0, 20.0],
        "effect_type": "normal"
      },
      "sprites": {
        "icon_path": "assets/characters/SeaHorse/icon.png",
        "move": {
          "sheet_path": "assets/characters/SeaHorse/move.png",
          "frame_width": 64,
          "frame_height": 64,
          "frame_count": 8,
          "frame_duration": 0.1
        },
        "attack": {
          "sheet_path": "assets/characters/SeaHorse/attack.png",
          "frame_width": 64,
          "frame_height": 64,
          "frame_count": 6,
          "frame_duration": 0.1
        }
      },
      "passive_skills": [],
      "equipment": [],
      "cost": 120,
      "is_discovered": false
    },
    {
      "id": "char_sub_rainbow_001",
      "name": "虹",
      "description": "色彩の幻想生物",
      "rarity": 3,
      "rarity_name": "SR",
      "status": {
        "level": 1,
        "hp": 95,
        "attack": 35,
        "defense": 0,
        "move_speed": 65.0,
        "attack_span": 0.714
      },
      "attack": {
        "type": "single",
        "size": [120.0, 20.0],
        "effect_type": "normal"
      },
      "sprites": {
        "icon_path": "assets/characters/Rainbow/icon.png",
        "move": {
          "sheet_path": "assets/characters/Rainbow/move.png",
          "frame_width": 64,
          "frame_height": 64,
          "frame_count": 8,
          "frame_duration": 0.1
        },
        "attack": {
          "sheet_path": "assets/characters/Rainbow/attack.png",
          "frame_width": 64,
          "frame_height": 64,
          "frame_count": 6,
          "frame_duration": 0.1
        }
      },
      "passive_skills": [],
      "equipment": [],
      "cost": 250,
      "is_discovered": false
    },
    {
      "id": "char_sub_lanterfish_001",
      "name": "提灯メンダコアンコウ",
      "description": "光を放つ深海の生物",
      "rarity": 2,
      "rarity_name": "R",
      "status": {
        "level": 1,
        "hp": 110,
        "attack": 28,
        "defense": 0,
        "move_speed": 42.0,
        "attack_span": 1.111
      },
      "attack": {
        "type": "single",
        "size": [140.0, 20.0],
        "effect_type": "normal"
      },
      "sprites": {
        "icon_path": "assets/characters/LanterfishAnglerfish/icon.png",
        "move": {
          "sheet_path": "assets/characters/LanterfishAnglerfish/move.png",
          "frame_width": 128,
          "frame_height": 128,
          "frame_count": 5,
          "frame_duration": 0.1
        },
        "attack": {
          "sheet_path": "assets/characters/LanterfishAnglerfish/attack.png",
          "frame_width": 128,
          "frame_height": 128,
          "frame_count": 5,
          "frame_duration": 0.1
        }
      },
      "passive_skills": [],
      "equipment": [],
      "cost": 190,
      "is_discovered": false
    },
    {
      "id": "char_sub_yodarehaki_001",
      "name": "ヨダレハキ",
      "description": "奇妙な深海生物",
      "rarity": 2,
      "rarity_name": "R",
      "status": {
        "level": 1,
        "hp": 100,
        "attack": 30,
        "defense": 0,
        "move_speed": 45.0,
        "attack_span": 0.909
      },
      "attack": {
        "type": "single",
        "size": [130.0, 20.0],
        "effect_type": "normal"
      },
      "sprites": {
        "icon_path": "assets/characters/YodarehakiDragonfish/icon.png",
        "move": {
          "sheet_path": "assets/characters/YodarehakiDragonfish/move.png",
          "frame_width": 64,
          "frame_height": 64,
          "frame_count": 8,
          "frame_duration": 0.1
        },
        "attack": {
          "sheet_path": "assets/characters/YodarehakiDragonfish/attack.png",
          "frame_width": 64,
          "frame_height": 64,
          "frame_count": 10,
          "frame_duration": 0.1
        }
      },
      "passive_skills": [],
      "equipment": [],
      "cost": 220,
      "is_discovered": false
    },
    {
      "id": "char_sub_longtailedtit_001",
      "name": "シマエナガ",
      "description": "小さな野鳥",
      "rarity": 1,
      "rarity_name": "N",
      "status": {
        "level": 1,
        "hp": 60,
        "attack": 20,
        "defense": 0,
        "move_speed": 70.0,
        "attack_span": 0.769
      },
      "attack": {
        "type": "single",
        "size": [100.0, 20.0],
        "effect_type": "normal"
      },
      "sprites": {
        "icon_path": "assets/characters/LongTailedTit/icon.png",
        "move": {
          "sheet_path": "assets/characters/LongTailedTit/move.png",
          "frame_width": 64,
          "frame_height": 64,
          "frame_count": 8,
          "frame_duration": 0.1
        },
        "attack": {
          "sheet_path": "assets/characters/LongTailedTit/attack.png",
          "frame_width": 64,
          "frame_height": 64,
          "frame_count": 6,
          "frame_duration": 0.1
        }
      },
      "passive_skills": [],
      "equipment": [],
      "cost": 100,
      "is_discovered": true
    },
    {
      "id": "char_sub_chainsword_001",
      "name": "チェーンソード",
      "description": "鎖付きの剣を操る戦士",
      "rarity": 2,
      "rarity_name": "R",
      "status": {
        "level": 1,
        "hp": 120,
        "attack": 32,
        "defense": 5,
        "move_speed": 52.0,
        "attack_span": 0.909
      },
      "attack": {
        "type": "single",
        "size": [140.0, 20.0],
        "effect_type": "normal"
      },
      "sprites": {
        "icon_path": "assets/characters/ChainSword/icon.png",
        "move": {
          "sheet_path": "assets/characters/ChainSword/move.png",
          "frame_width": 64,
          "frame_height": 64,
          "frame_count": 5,
          "frame_duration": 0.1
        },
        "attack": {
          "sheet_path": "assets/characters/ChainSword/attack.png",
          "frame_width": 83,
          "frame_height": 64,
          "frame_count": 20,
          "frame_duration": 0.1
        }
      },
      "passive_skills": [],
      "equipment": [],
      "cost": 210,
      "is_discovered": false
    },
    {
      "id": "char_sub_bat_001",
      "name": "コウモリ",
      "description": "暗闇を飛び回る夜行性の生物",
      "rarity": 1,
      "rarity_name": "N",
      "status": {
        "level": 1,
        "hp": 75,
        "attack": 18,
        "defense": 0,
        "move_speed": 60.0,
        "attack_span": 0.833
      },
      "attack": {
        "type": "single",
        "size": [100.0, 20.0],
        "effect_type": "normal"
      },
      "sprites": {
        "icon_path": "assets/characters/Bat/icon.png",
        "move": {
          "sheet_path": "assets/characters/Bat/move.png",
          "frame_width": 64,
          "frame_height": 64,
          "frame_count": 5,
          "frame_duration": 0.1
        },
        "attack": {
          "sheet_path": "assets/characters/Bat/attack.png",
          "frame_width": 64,
          "frame_height": 64,
          "frame_count": 10,
          "frame_duration": 0.1
        }
      },
      "passive_skills": [],
      "equipment": [],
      "cost": 130,
      "is_discovered": false
    },
    {
      "id": "char_sub_blueslime_001",
      "name": "ブルースライム",
      "description": "青い体を持つスライム",
      "rarity": 1,
      "rarity_name": "N",
      "status": {
        "level": 1,
        "hp": 70,
        "attack": 16,
        "defense": 0,
        "move_speed": 45.0,
        "attack_span": 0.833
      },
      "attack": {
        "type": "single",
        "size": [100.0, 20.0],
        "effect_type": "normal"
      },
      "sprites": {
        "icon_path": "assets/characters/BlueSlime/icon.png",
        "move": {
          "sheet_path": "assets/characters/BlueSlime/move.png",
          "frame_width": 64,
          "frame_height": 64,
          "frame_count": 17,
          "frame_duration": 0.1
        },
        "attack": {
          "sheet_path": "assets/characters/BlueSlime/attack.png",
          "frame_width": 64,
          "frame_height": 64,
          "frame_count": 14,
          "frame_duration": 0.1
        }
      },
      "passive_skills": [],
      "equipment": [],
      "cost": 120,
      "is_discovered": true
    },
    {
      "id": "char_sub_greenbossslime_001",
      "name": "グリーンボススライム",
      "description": "巨大な緑色のボススライム",
      "rarity": 3,
      "rarity_name": "SR",
      "status": {
        "level": 1,
        "hp": 180,
        "attack": 50,
        "defense": 10,
        "move_speed": 40.0,
        "attack_span": 1.2
      },
      "attack": {
        "type": "single",
        "size": [160.0, 30.0],
        "effect_type": "normal"
      },
      "sprites": {
        "icon_path": "assets/characters/GreenBossSlime/icon.png",
        "move": {
          "sheet_path": "assets/characters/GreenBossSlime/move.png",
          "frame_width": 128,
          "frame_height": 128,
          "frame_count": 4,
          "frame_duration": 0.1
        },
        "attack": {
          "sheet_path": "assets/characters/GreenBossSlime/attack.png",
          "frame_width": 128,
          "frame_height": 128,
          "frame_count": 5,
          "frame_duration": 0.1
        }
      },
      "passive_skills": [],
      "equipment": [],
      "cost": 300,
      "is_discovered": false
    },
    {
      "id": "char_sub_crystalgolem_001",
      "name": "クリスタルゴーレム",
      "description": "クリスタルで構成された堅牢なゴーレム",
      "rarity": 3,
      "rarity_name": "SR",
      "status": {
        "level": 1,
        "hp": 160,
        "attack": 48,
        "defense": 15,
        "move_speed": 35.0,
        "attack_span": 1.1
      },
      "attack": {
        "type": "single",
        "size": [150.0, 30.0],
        "effect_type": "normal"
      },
      "sprites": {
        "icon_path": "assets/characters/CrystalGolem/icon.png",
        "move": {
          "sheet_path": "assets/characters/CrystalGolem/move.png",
          "frame_width": 128,
          "frame_height": 128,
          "frame_count": 5,
          "frame_duration": 0.1
        },
        "attack": {
          "sheet_path": "assets/characters/CrystalGolem/attack.png",
          "frame_width": 128,
          "frame_height": 128,
          "frame_count": 13,
          "frame_duration": 0.1
        }
      },
      "passive_skills": [],
      "equipment": [],
      "cost": 290,
      "is_discovered": false
    },
    {
      "id": "char_sub_seaserpent_001",
      "name": "シーサーペント",
      "description": "海を支配する巨大な海蛇",
      "rarity": 3,
      "rarity_name": "SR",
      "status": {
        "level": 1,
        "hp": 170,
        "attack": 52,
        "defense": 8,
        "move_speed": 50.0,
        "attack_span": 1.0
      },
      "attack": {
        "type": "single",
        "size": [160.0, 30.0],
        "effect_type": "normal"
      },
      "sprites": {
        "icon_path": "assets/characters/SeaSerpent/icon.png",
        "move": {
          "sheet_path": "assets/characters/SeaSerpent/move.png",
          "frame_width": 128,
          "frame_height": 128,
          "frame_count": 5,
          "frame_duration": 0.1
        },
        "attack": {
          "sheet_path": "assets/characters/SeaSerpent/attack.png",
          "frame_width": 128,
          "frame_height": 128,
          "frame_count": 5,
          "frame_duration": 0.1
        }
      },
      "passive_skills": [],
      "equipment": [],
      "cost": 310,
      "is_discovered": false
    },
    {
      "id": "char_sub_poisonjellyfish_001",
      "name": "毒クラゲ",
      "description": "猛毒を持つクラゲ",
      "rarity": 2,
      "rarity_name": "R",
      "status": {
        "level": 1,
        "hp": 105,
        "attack": 29,
        "defense": 0,
        "move_speed": 40.0,
        "attack_span": 1.0
      },
      "attack": {
        "type": "single",
        "size": [130.0, 20.0],
        "effect_type": "normal"
      },
      "sprites": {
        "icon_path": "assets/characters/PoisonJellyfish/icon.png",
        "move": {
          "sheet_path": "assets/characters/PoisonJellyfish/move.png",
          "frame_width": 64,
          "frame_height": 64,
          "frame_count": 13,
          "frame_duration": 0.1
        },
        "attack": {
          "sheet_path": "assets/characters/PoisonJellyfish/attack.png",
          "frame_width": 64,
          "frame_height": 64,
          "frame_count": 11,
          "frame_duration": 0.1
        }
      },
      "passive_skills": [],
      "equipment": [],
      "cost": 200,
      "is_discovered": false
    },
    {
      "id": "char_sub_kimoisogin_001",
      "name": "キモキモイソギン",
      "description": "気持ち悪い触手を持つイソギンチャク",
      "rarity": 2,
      "rarity_name": "R",
      "status": {
        "level": 1,
        "hp": 95,
        "attack": 27,
        "defense": 0,
        "move_speed": 38.0,
        "attack_span": 0.909
      },
      "attack": {
        "type": "single",
        "size": [125.0, 20.0],
        "effect_type": "normal"
      },
      "sprites": {
        "icon_path": "assets/characters/KimoIsogin/icon.png",
        "move": {
          "sheet_path": "assets/characters/KimoIsogin/move.png",
          "frame_width": 64,
          "frame_height": 64,
          "frame_count": 14,
          "frame_duration": 0.1
        },
        "attack": {
          "sheet_path": "assets/characters/KimoIsogin/attack.png",
          "frame_width": 64,
          "frame_height": 64,
          "frame_count": 17,
          "frame_duration": 0.1
        }
      },
      "passive_skills": [],
      "equipment": [],
      "cost": 195,
      "is_discovered": false
    },
    {
      "id": "char_sub_mushmeramera_001",
      "name": "マッシュメラメラ",
      "description": "燃えるキノコのモンスター",
      "rarity": 2,
      "rarity_name": "R",
      "status": {
        "level": 1,
        "hp": 108,
        "attack": 31,
        "defense": 3,
        "move_speed": 43.0,
        "attack_span": 0.909
      },
      "attack": {
        "type": "single",
        "size": [135.0, 20.0],
        "effect_type": "normal"
      },
      "sprites": {
        "icon_path": "assets/characters/MushMeramera/icon.png",
        "move": {
          "sheet_path": "assets/characters/MushMeramera/move.png",
          "frame_width": 64,
          "frame_height": 64,
          "frame_count": 17,
          "frame_duration": 0.1
        },
        "attack": {
          "sheet_path": "assets/characters/MushMeramera/attack.png",
          "frame_width": 64,
          "frame_height": 64,
          "frame_count": 12,
          "frame_duration": 0.1
        }
      },
      "passive_skills": [],
      "equipment": [],
      "cost": 205,
      "is_discovered": false
    }
  ]
}
