{
  "tower_attachments": [
    {
      "id": "tower_core_hp",
      "name": "城塞コア",
      "description": "城の最大HPが増加します。",
      "effect_type": "percentage",
      "target_stat": "tower_hp",
      "value_per_level": 0.05,
      "max_level": 50,
      "rarity": 1
    },
    {
      "id": "tower_wallet_gear",
      "name": "蓄財ギア",
      "description": "お金成長/秒が増加します。",
      "effect_type": "percentage",
      "target_stat": "wallet_growth",
      "value_per_level": 0.05,
      "max_level": 50,
      "rarity": 1
    },
    {
      "id": "tower_cost_capacitor",
      "name": "回復コンデンサ",
      "description": "コスト回復/秒が増加します。",
      "effect_type": "percentage",
      "target_stat": "cost_regen",
      "value_per_level": 0.05,
      "max_level": 50,
      "rarity": 1
    },
    {
      "id": "tower_ally_relic_atk",
      "name": "猛攻レリック",
      "description": "味方攻撃が増加します。",
      "effect_type": "percentage",
      "target_stat": "ally_attack",
      "value_per_level": 0.02,
      "max_level": 50,
      "rarity": 2
    },
    {
      "id": "tower_ally_relic_hp",
      "name": "守護レリック",
      "description": "味方HPが増加します。",
      "effect_type": "percentage",
      "target_stat": "ally_hp",
      "value_per_level": 0.02,
      "max_level": 50,
      "rarity": 2
    },
    {
      "id": "tower_enemy_slow",
      "name": "妨害レンズ",
      "description": "敵移動速度が低下します。",
      "effect_type": "percentage",
      "target_stat": "enemy_move_speed",
      "value_per_level": -0.02,
      "max_level": 50,
      "rarity": 3
    },
    {
      "id": "tower_fortress_plate",
      "name": "要塞プレート",
      "description": "城HPがさらに増加します。",
      "effect_type": "percentage",
      "target_stat": "tower_hp",
      "value_per_level": 0.04,
      "max_level": 50,
      "rarity": 2
    },
    {
      "id": "tower_gold_amplifier",
      "name": "黄金増幅器",
      "description": "お金成長/秒がさらに増加します。",
      "effect_type": "percentage",
      "target_stat": "wallet_growth",
      "value_per_level": 0.04,
      "max_level": 50,
      "rarity": 2
    },
    {
      "id": "tower_quick_charge",
      "name": "高速充填",
      "description": "コスト回復/秒がさらに増加します。",
      "effect_type": "percentage",
      "target_stat": "cost_regen",
      "value_per_level": 0.04,
      "max_level": 50,
      "rarity": 2
    },
    {
      "id": "tower_berserk_core",
      "name": "狂戦士コア",
      "description": "味方攻撃が大きく増加します。",
      "effect_type": "percentage",
      "target_stat": "ally_attack",
      "value_per_level": 0.03,
      "max_level": 50,
      "rarity": 3
    },
    {
      "id": "tower_guardian_aura",
      "name": "守護オーラ",
      "description": "味方HPが大きく増加します。",
      "effect_type": "percentage",
      "target_stat": "ally_hp",
      "value_per_level": 0.03,
      "max_level": 50,
      "rarity": 3
    },
    {
      "id": "tower_enemy_weaken",
      "name": "敵弱体レンズ",
      "description": "敵HPが減少します。",
      "effect_type": "percentage",
      "target_stat": "enemy_hp",
      "value_per_level": -0.02,
      "max_level": 50,
      "rarity": 2
    },
    {
      "id": "tower_enemy_attack_down",
      "name": "攻撃弱化フィールド",
      "description": "敵攻撃が低下します。",
      "effect_type": "percentage",
      "target_stat": "enemy_attack",
      "value_per_level": -0.02,
      "max_level": 50,
      "rarity": 2
    },
    {
      "id": "tower_slow_field",
      "name": "減速フィールド",
      "description": "敵移動速度がさらに低下します。",
      "effect_type": "percentage",
      "target_stat": "enemy_move_speed",
      "value_per_level": -0.03,
      "max_level": 50,
      "rarity": 3
    },
    {
      "id": "tower_balance_unit",
      "name": "バランスユニット",
      "description": "城HPがわずかに増加します。",
      "effect_type": "percentage",
      "target_stat": "tower_hp",
      "value_per_level": 0.02,
      "max_level": 50,
      "rarity": 1
    },
    {
      "id": "tower_critical_module",
      "name": "クリティカルモジュール",
      "description": "味方攻撃が増加します。",
      "effect_type": "percentage",
      "target_stat": "ally_attack",
      "value_per_level": 0.025,
      "max_level": 50,
      "rarity": 2
    }
  ]
}
