{"brushes":[],"color_mode":5,"export_file_format":0,"export_file_name":"kimoiyatu","fps":6.0,"frames":[{"cels":[{"metadata":{},"opacity":1.0,"ui_color":"(0.0, 0.0, 0.0, 0.0)","z_index":0}],"duration":1.0,"metadata":{}},{"cels":[{"metadata":{},"opacity":1.0,"ui_color":"(0.0, 0.0, 0.0, 0.0)","z_index":0}],"duration":1.0,"metadata":{}},{"cels":[{"metadata":{},"opacity":1.0,"ui_color":"(0.0, 0.0, 0.0, 0.0)","z_index":0}],"duration":1.0,"metadata":{}},{"cels":[{"metadata":{},"opacity":1.0,"ui_color":"(0.0, 0.0, 0.0, 0.0)","z_index":0}],"duration":1.0,"metadata":{}},{"cels":[{"metadata":{},"opacity":1.0,"ui_color":"(0.0, 0.0, 0.0, 0.0)","z_index":0}],"duration":1.0,"metadata":{}},{"cels":[{"metadata":{},"opacity":1.0,"ui_color":"(0.0, 0.0, 0.0, 0.0)","z_index":0}],"duration":1.0,"metadata":{}},{"cels":[{"metadata":{},"opacity":1.0,"ui_color":"(0.0, 0.0, 0.0, 0.0)","z_index":0}],"duration":1.0,"metadata":{}},{"cels":[{"metadata":{},"opacity":1.0,"ui_color":"(0.0, 0.0, 0.0, 0.0)","z_index":0}],"duration":1.0,"metadata":{}},{"cels":[{"metadata":{},"opacity":1.0,"ui_color":"(0.0, 0.0, 0.0, 0.0)","z_index":0}],"duration":1.0,"metadata":{}},{"cels":[{"metadata":{},"opacity":1.0,"ui_color":"(0.0, 0.0, 0.0, 0.0)","z_index":0}],"duration":1.0,"metadata":{}},{"cels":[{"metadata":{},"opacity":1.0,"ui_color":"(0.0, 0.0, 0.0, 0.0)","z_index":0}],"duration":1.0,"metadata":{}},{"cels":[{"metadata":{},"opacity":1.0,"ui_color":"(0.0, 0.0, 0.0, 0.0)","z_index":0}],"duration":1.0,"metadata":{}},{"cels":[{"metadata":{},"opacity":1.0,"ui_color":"(0.0, 0.0, 0.0, 0.0)","z_index":0}],"duration":1.0,"metadata":{}},{"cels":[{"metadata":{},"opacity":1.0,"ui_color":"(0.0, 0.0, 0.0, 0.0)","z_index":0}],"duration":1.0,"metadata":{}}],"guides":[],"layers":[{"blend_mode":0,"clipping_mask":false,"effects":[],"locked":false,"metadata":{},"name":"Layer 1","new_cels_linked":false,"opacity":1.0,"parent":-1,"type":0,"ui_color":"(0.0, 0.0, 0.0, 0.0)","visible":true}],"metadata":{},"pixelorama_version":"v1.1.1-stable","pxo_version":5,"reference_images":[],"size_x":64,"size_y":64,"symmetry_points":[63.0,63.0],"tags":[],"tile_mode_x_basis_x":64,"tile_mode_x_basis_y":0,"tile_mode_y_basis_x":0,"tile_mode_y_basis_y":64,"tilesets":[],"user_data":"","vanishing_points":[]}